{
    "x": [
        10,
        10010,
        20010,
        30010,
        40010,
        50010,
        60010,
        70010,
        80010,
        90010,
        100010,
        110010,
        120010,
        130010,
        140010,
        150010,
        160010,
        170010,
        180010,
        190010
    ],
    "y": [
        1.5514990082010626e-06,
        0.00012002860166830942,
        0.0002388088993029669,
        0.0006668662004813086,
        0.00047717310080770404,
        0.0015507549011090304,
        0.0013798652005789335,
        0.001217467499373015,
        0.001016062599956058,
        0.00343658760029939,
        0.0032444990007206797,
        0.0030365569997229612,
        0.002871446700009983,
        0.0025949400005629286,
        0.002471321899065515,
        0.002182554602040909,
        0.0020549328000925016,
        0.006994437501271022,
        0.006757832699076971,
        0.006512849499995354
    ]
}
