{
    "x": [
        10,
        10010,
        20010,
        30010,
        40010,
        50010,
        60010,
        70010,
        80010,
        90010,
        100010,
        110010,
        120010,
        130010,
        140010,
        150010,
        160010,
        170010,
        180010,
        190010
    ],
    "y": [
        7.073710003169253e-05,
        0.04514603540010285,
        0.0894072312003118,
        0.13331779470026958,
        0.17700569750013528,
        0.2258226714991906,
        0.2690957938975771,
        0.31126622910087465,
        0.3565195977971598,
        0.40458924749982544,
        0.44900979890007875,
        0.4947149346015067,
        0.5398917688995425,
        0.5804580159994657,
        0.6222067465023429,
        0.6725803162000374,
        0.7171979476013803,
        0.7624316595014534,
        0.8116742622994935,
        0.8461973371988278
    ]
}
