{
    "x": [
        10,
        10010,
        20010,
        30010,
        40010,
        50010,
        60010,
        70010,
        80010,
        90010,
        100010,
        110010,
        120010,
        130010,
        140010,
        150010,
        160010,
        170010,
        180010,
        190010
    ],
    "y": [
        1.2051998055540025e-06,
        0.00011842410094686784,
        0.0002056927012745291,
        0.0006274689993006177,
        0.0003846106003038585,
        0.001425846400525188,
        0.0013933910995547194,
        0.0012377145001664757,
        0.0010232158994767815,
        0.0034362933001830243,
        0.003347675799886929,
        0.003041326699167257,
        0.002880733801430324,
        0.0025747749998117795,
        0.0024233824988186825,
        0.0022931738029001282,
        0.0020779118007340004,
        0.00703511120082112,
        0.006538146800448885,
        0.006608366699219914
    ]
}
