{
    "x": [
        10,
        10010,
        20010,
        30010,
        40010,
        50010,
        60010,
        70010,
        80010,
        90010,
        100010,
        110010,
        120010,
        130010,
        140010,
        150010,
        160010,
        170010,
        180010,
        190010
    ],
    "y": [
        7.412550112348982e-05,
        0.05256088920214097,
        0.10265138570102864,
        0.1532642393001879,
        0.20444570899999234,
        0.25359991139994237,
        0.3048691045012674,
        0.3565823053992062,
        0.41105352630038394,
        0.4581227755006694,
        0.5123231107994798,
        0.56009890889909,
        0.6110035156998492,
        0.6638716014989768,
        0.7154919145992608,
        0.7664484273009293,
        0.8173738878002041,
        0.8723132865983644,
        0.9245509820022562,
        0.9748189022000588
    ]
}
