{
    "x": [
        10,
        10010,
        20010,
        30010,
        40010,
        50010,
        60010,
        70010,
        80010,
        90010,
        100010,
        110010,
        120010,
        130010,
        140010,
        150010,
        160010,
        170010,
        180010,
        190010
    ],
    "y": [
        9.747630101628602e-05,
        0.0056902390984760135,
        0.01120611870137509,
        0.015507015101320576,
        0.020206835799035615,
        0.024812682400806807,
        0.0293812853997224,
        0.03387234760011779,
        0.03858324989851099,
        0.04383921609842219,
        0.04883242090145359,
        0.05292817070003366,
        0.0580102475003514,
        0.0635621989997162,
        0.06685531840121257,
        0.07091632439987734,
        0.07616320329980227,
        0.08225426690041786,
        0.08763396829890553,
        0.09250828440053738
    ]
}
